,train_loss,train_acc,train_precision,train_recall,train_auc,val_loss,val_acc,val_precision,val_recall,val_auc
cnn_1,0.0195918623358011,0.9961881041526794,0.9963603615760804,0.9960891008377076,0.9998764395713806,3.894721746444702,0.5662937164306641,0.5727410316467285,0.5617387890815735,0.8152082562446594
cnn_2,0.684418261051178,0.7448762059211731,0.818932056427002,0.6681187748908997,0.960382342338562,0.9868321418762208,0.6308545470237732,0.7209606170654297,0.546984851360321,0.9214341640472412
cnn_3,0.6390568614006042,0.7628960013389587,0.8275567889213562,0.696212887763977,0.9653099775314332,0.9745108485221864,0.6313496828079224,0.732090175151825,0.5403505563735962,0.9213998317718506
cnn_4,0.6605497002601624,0.7510643601417542,0.8195560574531555,0.6817326545715332,0.9629884958267212,0.9611826539039612,0.6446182727813721,0.7330498099327087,0.5631250739097595,0.9248697757720948
data_aug,0.9558820724487304,0.6358415484428406,0.7669676542282104,0.4962128698825836,0.9228267669677734,0.9563891887664796,0.6340231895446777,0.794364333152771,0.4689573347568512,0.9234178066253662
ensemble,0.5205,0.8184,0.0,0.0,0.0,1.0003,0.6463,0.0,0.0,0.0
